"age_group","condition","n","mean","sd"
"18-34 years old","cond_rel_nonword",64,684.5625,153.054080596701
"18-34 years old","cond_unr_nonword",66,698.439393939394,208.644130503288
"18-34 years old","cond_rel_word",66,657.484848484848,189.181576792427
"18-34 years old","cond_unr_word",64,645.71875,181.476962441037
"35+ years old","cond_rel_nonword",50,861.06,206.933432064813
"35+ years old","cond_unr_nonword",45,844.933333333333,237.290520057357
"35+ years old","cond_rel_word",58,743.689655172414,154.883680960743
"35+ years old","cond_unr_word",55,767.6,209.427137510701
