"condition"	"item_id"	"prime"	"target"
"cond_rel_word"	"aa_1"	"post"	"FOLLOWER"
"cond_unr_word"	"aa_1"	"paste"	"FOLLOWER"
"cond_rel_nonword"	"aa_1"	"post"	"FLURUES"
"cond_unr_nonword"	"aa_1"	"paste"	"FLURUES"
"cond_rel_word"	"aa_3"	"filter"	"PICTURE"
"cond_unr_word"	"aa_3"	"falter"	"PICTURE"
"cond_rel_nonword"	"aa_3"	"filter"	"TARIPPE"
"cond_unr_nonword"	"aa_3"	"falter"	"TARIPPE"
"cond_rel_word"	"aa_4"	"group"	"CHAT"
"cond_unr_word"	"aa_4"	"grapple"	"CHAT"
"cond_rel_nonword"	"aa_4"	"group"	"CRET"
"cond_unr_nonword"	"aa_4"	"grapple"	"CRET"
"cond_rel_word"	"ak_2"	"news"	"FEED"
"cond_unr_word"	"ak_2"	"cruise"	"FEED"
"cond_rel_nonword"	"ak_2"	"news"	"DERF"
"cond_unr_nonword"	"ak_2"	"cruise"	"DERF"
"cond_rel_word"	"ak_3"	"crash"	"LOAD"
"cond_unr_word"	"ak_3"	"catch"	"LOAD"
"cond_rel_nonword"	"ak_3"	"crash"	"DAFO"
"cond_unr_nonword"	"ak_3"	"catch"	"DAFO"
"cond_rel_word"	"ak_5"	"bump"	"TIMELINE"
"cond_unr_word"	"ak_5"	"camp"	"TIMELINE"
"cond_rel_nonword"	"ak_5"	"bump"	"ENILATES"
"cond_unr_nonword"	"ak_5"	"camp"	"ENILATES"
"cond_rel_word"	"ba_2"	"buffer"	"STREAM"
"cond_unr_word"	"ba_2"	"mutter"	"STREAM"
"cond_rel_nonword"	"ba_2"	"buffer"	"MERUOS"
"cond_unr_nonword"	"ba_2"	"mutter"	"MERUOS"
"cond_rel_word"	"ba_4"	"feed"	"PROFILE"
"cond_unr_word"	"ba_4"	"bead"	"PROFILE"
"cond_rel_nonword"	"ba_4"	"feed"	"POFFIRE"
"cond_unr_nonword"	"ba_4"	"bead"	"POFFIRE"
"cond_rel_word"	"ky_1"	"click"	"BAIT"
"cond_unr_word"	"ky_1"	"flick"	"BAIT"
"cond_rel_nonword"	"ky_1"	"click"	"TALB"
"cond_unr_nonword"	"ky_1"	"flick"	"TALB"
"cond_rel_word"	"ky_5"	"scroll"	"POST"
"cond_unr_word"	"ky_5"	"reel"	"POST"
"cond_rel_nonword"	"ky_5"	"scroll"	"PIRT"
"cond_unr_nonword"	"ky_5"	"reel"	"PIRT"
"cond_rel_word"	"tu_1"	"click"	"MOUSE"
"cond_unr_word"	"tu_1"	"clock"	"MOUSE"
"cond_rel_nonword"	"tu_1"	"clock"	"SIAEM"
"cond_unr_nonword"	"tu_1"	"clock"	"SIAEM"
"cond_rel_word"	"tu_5"	"pirate"	"DOWNLOAD"
"cond_unr_word"	"tu_5"	"pyrite"	"DOWNLOAD"
"cond_rel_nonword"	"tu_5"	"pirate"	"LOMADIHS"
"cond_unr_nonword"	"tu_5"	"pyrite"	"LOMADIHS"
"cond_filler_rel_word"	"flr_1"	"bottle"	"WATER"
"cond_filler_rel_word"	"flr_2"	"beach"	"SAND"
"cond_filler_rel_word"	"flr_3"	"park"	"SLIDE"
"cond_filler_rel_word"	"flr_4"	"window"	"HOUSE"
"cond_filler_rel_word"	"flr_5"	"nurse"	"DOCTOR"
"cond_filler_rel_word"	"flr_6"	"bank"	"DEBT"
"cond_filler_rel_word"	"flr_7"	"teacher"	"CLASS"
"cond_filler_rel_word"	"flr_8"	"board"	"CHALK"
"cond_filler_rel_word"	"flr_9"	"glass"	"LENS"
"cond_filler_rel_word"	"flr_10"	"trap"	"MOUSE"
"cond_filler_unr_word"	"flr_11"	"tree"	"HAIR"
"cond_filler_unr_word"	"flr_12"	"beach"	"STORE"
"cond_filler_unr_word"	"flr_13"	"chair"	"HORSE"
"cond_filler_unr_word"	"flr_14"	"ball"	"COAT"
"cond_filler_unr_word"	"flr_15"	"wire"	"LEAF"
"cond_filler_unr_word"	"flr_16"	"table"	"ELEPHANT"
"cond_filler_unr_word"	"flr_17"	"bird"	"CREAM"
"cond_filler_unr_word"	"flr_18"	"grass"	"CANDLE"
"cond_filler_unr_word"	"flr_19"	"trim"	"GRIP"
"cond_filler_unr_word"	"flr_20"	"fish"	"PANTS"
"cond_filler_unr_word"	"flr_21"	"cloud"	"POPCORN"
"cond_filler_nonword"	"flr_22"	"close"	"CLUFF"
"cond_filler_nonword"	"flr_23"	"stripe"	"BUNGUS"
"cond_filler_nonword"	"flr_24"	"apple"	"SCRUNGO"
"cond_filler_nonword"	"flr_25"	"sticker"	"TRUNBO"
"cond_filler_nonword"	"flr_26"	"orange"	"AMBOLK"
"cond_filler_nonword"	"flr_27"	"bubble"	"SWIMPLE"
"cond_filler_nonword"	"flr_28"	"phone"	"NASLOW"
"cond_filler_nonword"	"flr_29"	"plant"	"GUMBLE"
"cond_filler_nonword"	"flr_30"	"pencil"	"BUCUS"
"cond_filler_nonword"	"flr_31"	"hive"	"CROOP"
"cond_filler_nonword"	"flr_32"	"nerve"	"PEMPONE"
"cond_filler_nonword"	"flr_33"	"betray"	"STUPOK"
"cond_filler_nonword"	"flr_34"	"night"	"MEMPLE"
"cond_filler_nonword"	"flr_35"	"star"	"TRILK"
"cond_filler_nonword"	"flr_36"	"wish"	"RAGLE"
"cond_filler_nonword"	"flr_37"	"heavy"	"GRALING"
"cond_filler_nonword"	"flr_38"	"scarf"	"QUIDES"
"cond_filler_nonword"	"flr_39"	"monkey"	"RAVELD"
"cond_filler_nonword"	"flr_40"	"stream"	"SHIBEN"
"cond_filler_nonword"	"flr_41"	"reverse"	"HAVVILY"
"cond_filler_nonword"	"flr_42"	"reach"	"JILGER"
"cond_filler_nonword"	"flr_43"	"watch"	"ILGEN"
"cond_filler_nonword"	"flr_44"	"runner"	"HANNELD"
"cond_filler_nonword"	"flr_45"	"bicycle"	"GROVEN"
